3,1,video3_frame1.jpg
3,2,video3_frame2.jpg
3,3,video3_frame3.jpg
3,4,video3_frame4.jpg
3,5,video3_frame5.jpg
3,6,video3_frame6.jpg
3,7,video3_frame7.jpg
3,8,video3_frame8.jpg
3,9,video3_frame9.jpg
3,10,video3_frame10.jpg
3,11,video3_frame11.jpg
3,12,video3_frame12.jpg
3,13,video3_frame13.jpg
3,14,video3_frame14.jpg
3,15,video3_frame15.jpg
3,16,video3_frame16.jpg
3,17,video3_frame17.jpg
3,18,video3_frame18.jpg
3,19,video3_frame19.jpg
3,20,video3_frame20.jpg
3,21,video3_frame21.jpg
3,22,video3_frame22.jpg
3,23,video3_frame23.jpg
3,24,video3_frame24.jpg
3,25,video3_frame25.jpg
3,26,video3_frame26.jpg
3,27,video3_frame27.jpg
3,28,video3_frame28.jpg
3,29,video3_frame29.jpg
3,30,video3_frame30.jpg
3,31,video3_frame31.jpg
3,32,video3_frame32.jpg
3,33,video3_frame33.jpg
3,34,video3_frame34.jpg
3,35,video3_frame35.jpg
3,36,video3_frame36.jpg
3,37,video3_frame37.jpg
3,38,video3_frame38.jpg
3,39,video3_frame39.jpg
3,40,video3_frame40.jpg
3,41,video3_frame41.jpg
3,42,video3_frame42.jpg
3,43,video3_frame43.jpg
3,44,video3_frame44.jpg
3,45,video3_frame45.jpg
3,46,video3_frame46.jpg
3,47,video3_frame47.jpg
3,48,video3_frame48.jpg
3,49,video3_frame49.jpg
3,50,video3_frame50.jpg
3,51,video3_frame51.jpg
3,52,video3_frame52.jpg
3,53,video3_frame53.jpg
3,54,video3_frame54.jpg
3,55,video3_frame55.jpg
3,56,video3_frame56.jpg
3,57,video3_frame57.jpg
3,58,video3_frame58.jpg
3,59,video3_frame59.jpg
3,60,video3_frame60.jpg
3,61,video3_frame61.jpg
3,62,video3_frame62.jpg
3,63,video3_frame63.jpg
3,64,video3_frame64.jpg
3,65,video3_frame65.jpg
3,66,video3_frame66.jpg
3,67,video3_frame67.jpg
3,68,video3_frame68.jpg
3,69,video3_frame69.jpg
3,70,video3_frame70.jpg
3,71,video3_frame71.jpg
3,72,video3_frame72.jpg
3,73,video3_frame73.jpg
3,74,video3_frame74.jpg
3,75,video3_frame75.jpg
3,76,video3_frame76.jpg
3,77,video3_frame77.jpg
3,78,video3_frame78.jpg
3,79,video3_frame79.jpg
3,80,video3_frame80.jpg
3,81,video3_frame81.jpg
3,82,video3_frame82.jpg
3,83,video3_frame83.jpg
3,84,video3_frame84.jpg
3,85,video3_frame85.jpg
3,86,video3_frame86.jpg
3,87,video3_frame87.jpg
3,88,video3_frame88.jpg
3,89,video3_frame89.jpg
3,90,video3_frame90.jpg
3,91,video3_frame91.jpg
3,92,video3_frame92.jpg
3,93,video3_frame93.jpg
3,94,video3_frame94.jpg
3,95,video3_frame95.jpg
3,96,video3_frame96.jpg
3,97,video3_frame97.jpg
3,98,video3_frame98.jpg
3,99,video3_frame99.jpg
3,100,video3_frame100.jpg
3,101,video3_frame101.jpg
3,102,video3_frame102.jpg
3,103,video3_frame103.jpg
3,104,video3_frame104.jpg
3,105,video3_frame105.jpg
3,106,video3_frame106.jpg
3,107,video3_frame107.jpg
3,108,video3_frame108.jpg
3,109,video3_frame109.jpg
3,110,video3_frame110.jpg
3,111,video3_frame111.jpg
3,112,video3_frame112.jpg
3,113,video3_frame113.jpg
3,114,video3_frame114.jpg
3,115,video3_frame115.jpg
3,116,video3_frame116.jpg
3,117,video3_frame117.jpg
3,118,video3_frame118.jpg
